c This list needs at least the WCNFFile column (with header). 
c Order of the columns is not important.
c BestOValue (with a matching model) is nice to compare against, the column CertifiedResult is only YES if there is a proof to certify the BestOValue/Model.
c Upper bound of sum of weights: 18446744073709551615
WCNFFile, BestOValue, Satisfiable, CertifiedResult, Model
baseWCNFs/OneHardUnit.wcnf, 0, SATISFIABLE, YES, 1
baseWCNFs/smallo1.wcnf, 1, SATISFIABLE, YES, 10
baseWCNFs/TautologyHardClause.wcnf, 0, SATISFIABLE, YES, 0
baseWCNFs/SoftClauseWithWeight0WithOtherClauses.wcnf, 3, SATISFIABLE, NO, 11
baseWCNFs/TautologySoftClause.wcnf, 0, SATISFIABLE, YES, 0
baseWCNFs/OneSoftUnitWeight1.wcnf, 0, SATISFIABLE, YES, 1
baseWCNFs/SoftClauseWithWeight0.wcnf, 0, SATISFIABLE, NO, 1
baseWCNFs/OneHardUnitDoesNotContainLiteralOne.wcnf, 0, SATISFIABLE, YES, 01
baseWCNFs/MinimalUnsat.wcnf, None, UNSATISFIABLE, YES, None
baseWCNFs/OneSoftUnitWeightUINT32Maxplus1.wcnf, 0, SATISFIABLE, YES, 1
baseWCNFs/TwoMinimalContradictingSoftClauses.wcnf, 1, SATISFIABLE, YES, 1
baseWCNFs/smallo0.wcnf, 0, SATISFIABLE, YES, 101
baseWCNFs/empty.wcnf, 0, SATISFIABLE, NO, None
baseWCNFs/emptySoftClauses.wcnf, 3, SATISFIABLE, NO, None
baseWCNFs/emptyClause.wcnf, None, UNSATISFIABLE, NO, None
baseWCNFs/emptySoftClause.wcnf, 1, SATISFIABLE, NO, None
baseWCNFs/emptySoftClauseWithUnsatHardClauses.wcnf, None, UNSATISFIABLE, NO, None
baseWCNFs/emptySoftClausesWithHardClauses.wcnf, 3, SATISFIABLE, NO, 1
baseWCNFs/emptySoftClauseWithOtherClauses.wcnf, 6, SATISFIABLE, NO, 1
baseWCNFs/SpecialCasesCombined.wcnf, None, UNSATISFIABLE, NO, None