{
  "version": 3,
  "cmakeMinimumRequired": {
    "major": 3,
    "minor": 21,
    "patch": 0
  },
  "configurePresets": [
    {
      "name": "bindir",
      "hidden": true,
      "binaryDir": "build/${presetName}"
    },
    {
      "name": "release",
      "displayName": "Release",
      "inherits": "bindir",
      "cacheVariables": {
        "CMAKE_BUILD_TYPE": "Release"
      }
    },
    {
      "name": "debug",
      "displayName": "Debug",
      "inherits": "bindir",
      "cacheVariables": {
        "CMAKE_BUILD_TYPE": "Debug"
      }
    },
    {
      "name": "loginfo",
      "hidden": true,
      "cacheVariables": {
        "LOG_LEVEL": "2"
      }
    },
    {
      "name": "logverbose",
      "hidden": true,
      "cacheVariables": {
        "LOG_LEVEL": "3"
      }
    },
    {
      "name": "logtrace",
      "hidden": true,
      "cacheVariables": {
        "LOG_LEVEL": "4"
      }
    },
    {
      "name": "profiling",
      "hidden": true,
      "cacheVariables": {
        "PROFILING": true
      }
    },
    {
      "name": "release-loginfo",
      "displayName": "Release w/ info logging",
      "inherits": [
        "loginfo",
        "release"
      ]
    },
    {
      "name": "release-logverbose",
      "displayName": "Release w/ verbose logging",
      "inherits": [
        "logverbose",
        "release"
      ]
    },
    {
      "name": "release-logtrace",
      "displayName": "Release w/ trace logging",
      "inherits": [
        "logtrace",
        "release"
      ]
    },
    {
      "name": "debug-loginfo",
      "displayName": "Debug w/ info logging",
      "inherits": [
        "loginfo",
        "debug"
      ]
    },
    {
      "name": "debug-logverbose",
      "displayName": "Debug w/ verbose logging",
      "inherits": [
        "logverbose",
        "debug"
      ]
    },
    {
      "name": "debug-logtrace",
      "displayName": "Debug w/ trace logging",
      "inherits": [
        "logtrace",
        "debug"
      ]
    },
    {
      "name": "release-profiling",
      "displayName": "Release w/ profiling",
      "inherits": [
        "profiling",
        "release"
      ]
    },
    {
      "name": "starexec",
      "displayName": "Static build for StarExec",
      "inherits": [
        "release-logverbose"
      ],
      "environment": {
        "CFLAGS": "-static"
      }
    }
  ]
}
